-- INSERT CONTACTS
INSERT INTO "contacts" 
    ("type", "firstName", "lastName", "company", "primaryNumber", "text", "email", "website", "address", "notes")
VALUES ('Pet Owner', 'Mary', 'Brown', '', '6121234567', 'true', 'marybrownmpls@gmail.com', '', '123 Wilson Lane, Minneapolis, MN 55410', 'Kind and professional!'),
    ('Pet Owner', 'Zhi', 'Huan', '', '6125554207', 'false', 'wilson.peterson@gmail.com', '', '4556 Sheradin St., Saint Paul, MN 55104', ''),
    ('Pet Owner', 'Caitlyn', 'Cody', '', '9526127631', 'false', 'ccdogsandcats@outlook.com', '', '8223 N Cornerstone St', ''),
    ('Client', 'Eric', 'Speldfrieg', 'Target', '7638100057', 'false', 'Eric.Speldfrieg@target.com', '', '7000 Target Pkwy, Brooklyn Park, MN 55445', 'Senior Marketing at Target'),
    ('Pet Owner', 'Richie', 'Nuada', '', '8182278255', 'false', 'nuada@gmail.com', '', '182 ', ''),
    ('Client', 'Raul', 'Fernanda', 'Microsoft', '7178285545', 'true', 'rfernanda@microsoft.com', '', '2272 Vernon Ave S, Minneapolis, MN 55435', 'Fast turnaround, easy to work with'),
    ('Trainer', 'Michael', 'Severson', '', '7632272277', 'true', 'mseverson6@gmail.com', '', '827 Main St., Hopkins, MN 55305.', 'Best rabbits in the twin cities'),
    ('Client', 'Anh', 'Nguyen', 'Medtronic', '9528284777', 'true', 'anguyen@medtronic.com', '', '5855 W Damsel St., Waconia, MN 55387 ', 'Amazing horses'),
    ('Pet Owner', 'Cherry', 'Smith', '', '7638247723', 'false', 'cherrysmith@gmail.com', '', '2811 Oak St., Minneapolis, MN 55410', ''),
    ('Pet Owner', 'Rose', 'Strevinski', '', '6128580009', 'false', 'strevrose@gmail.com', '', '4789 Pine St., Minnetonka, MN 55385', ''),
    ('Pet Owner', 'Daniel', 'Johnson', '', '9529314582', 'true', 'danj1985@gmail.com', '', '403 Summer Ln., Lakefield, MN 56150', ''),
    ('Pet Owner', 'Leslie', 'Abrams', '', '6514888888', 'true', 'labrams77@outlook.com', '', '6201 Riverside Dr, Saint Paul, MN 55104', ''),
    ('Pet Owner', 'Abe', 'Anderson', '', '7152586321', 'true', 'abe.anderson92@gmail.com', '', '1968 N 16th St, Bloomington, MN 55430', ''),
    ('Client', 'Lamar', 'Green', 'Purina', '5348624821', 'true', 'lamar.green@purina.com', '', '661 Jill St., Minneapolis, MN 55105', ''),
    ('Pet Owner', 'Nathalie', 'Gudmund', '', '9528517436', 'false', 'nathalieg22@gmail.com', '', '13434 Carlingford Ln., Rosemount, MN 55068', ''),
    ('Client', 'Lane', 'Griffin', '', '6518269745', 'false', 'lane.griffin.77@outlook.com', '', '5880 135th St N, Hugo, MN 55038', ''),
    ('Pet Owner', 'Brick', 'Olson', '', '6514563217', 'true', 'brickolson@gmail.com', '', '1057 Briar Glen Ln., Saint Paul, MN 55129', ''),
    ('Pet Owner', 'Clarice', 'Erickson', '', '7168258566', 'false', 'cerickson82@gmail.com', '', '10574 102nd Pl N, Osseo, MN 55369', ''),
    ('Pet Owner', 'Andre', 'Rogers', '', '9527893215', 'true', 'andrer84@hotmail.com', '', '8528 Kingswood Cres., Faribault, MN 55021', ''),
    ('Client', 'Christen', 'Mai', 'Milkbone', '9203489244', 'false', 'christen.mai@milkbone.com', '', '5502 Washington Rd., Kenosha, WI 53140', ''),
    ('Client', 'Petra', 'Karolina', 'Harley Davidson', '6082698788', 'true', 'pkarolina@harley.com', '', '609 Park St., Genoa City, WI 53128', ''),
    ('Pet Owner', 'Patrick', 'Mars', '', '6124029605', 'true', 'pattymars@gmail.com', '', '10561 Brooklyn Blvd., Minneapolis, MN 55443', ''),
    ('Pet Owner', 'Atsuko', 'Nobuyuki', '', '7637169834', 'true', 'anobuyuki@gmail.com', '', '7287 Cambridge Rd., Shakopee, MN 55379', ''),
    ('Client', 'Hadassah', 'Ori', 'Walmart', '6126930057', 'true', 'hadassah.ori@walmart.com', '', '409 Fuller St., Chanhassen, MN 55317', ''),
    ('Pet Owner', 'Graham', 'Ouerbach', '', '8182693144', 'false', 'grahamo96@gmail.com', '', '615 A St., Chippewa Falls, WI 54729', ''),
    ('Pet Owner', 'Sarah', 'Tomlinsin', '', '7155346128', 'false', 'sarahtomlinsin@gmail.com', '', '308 Oneida St., Beaver Dam, WI 53916', ''),
    ('Trainer', 'Quinn', 'Plesly', '', '9524742811', 'false', 'q.plesly@outlook.com', '', '112 E Harrison St., Hopkins, MN 55305', ''),
    ('Pet Owner', 'Jameela', 'Aqil', '', '9526900266', 'false', 'jameela.aqil@gmail.com', '', '2048 Iberia Ave., Lakeville, MN 55044', ''),
    ('Pet Owner', 'Dante', 'Preston', '', '7639804233', 'true', 'dpreston@aol.com', '', '4996 Mustang Path, Savage, MN 55378', ''),
    ('Pet Owner', 'August', 'Henrickson', '', '6128102396', 'false', 'ahenrick61@gmail.com', '', '1817 64th Ave. N, Saint Cloud, MN 56303', ''),
    ('Pet Owner', 'Gerald', 'Garvey', '', '6127639520', 'true', 'ggarvey@gmail.com', '', '228 9th Ave. N, Alexandria, MN 56308', ''),
    ('Client', 'Adara', 'Nahal', 'Converse', '7169509630', 'true', 'anahal@converse.com', '', '500 10th Ave., Waupaca, WI 54981', ''),
    ('Pet Owner', 'Honoka', 'Kumiko', '', '6516363864', 'true', 'honokak79@gmail.com', '', '50 Prairie Rd., Fond Du Lac, WI 54935', ''),
    ('Pet Owner', 'Xinyi', 'Guo', '', '6127143696', 'false', 'xinyi.guo@gmail.com', '', '620 Valley Dr., Fergus Falls, MN 56537', ''),
    ('Pet Owner', 'Najib', 'Zahi', '', '9522238500', 'true', 'najibzahi89@outlook.com', '', '50 E Waterloo Rd., Waterloo, WI 53594', ''),
    ('Pet Owner', 'Mitchell', 'Avett', '', '6123359811', 'false', 'mitchavett@gmail.com', '', '2326 Logan Ave. N, Minneapolis, MN 55411', ''),
    ('Pet Owner', 'Wilson', 'Peterson', '', '6082863971', 'false', 'wilson.peterson@hotmail.com', '', '514 W Upham St., Marshfield, WI 54449', ''),
    ('Pet Owner', 'Sandra', 'Michaels', '', '7638805543', 'false', 'sandram99@gmail.com', '', '928 Chicago Ave. S, Minneapolis, MN 55410', '');

-- ANIMALS
INSERT INTO "animals"
    ("contactsId","animalType","otherTypeDetail","image","name","color","breed",
    "sex","notes","birthday","active","rating","height","weight","length","neckGirth","bellyGirth","sitOnLeash",
    "sitOffLeash","standOnLeash","standOffLeash","downOnLeash","downOffLeash","barkOnCommand","holdItem","offLeashTrained",
    "goodAroundChildren","otherDogs","smallAnimals","atDistanceFromTrainer","silentCommands","mark","loudNoiseLights","shortNotice",
    "livesClose","overnight","strangerHandle","strangerDress")
VALUES
    (1,1,'','https://vetstreet-brightspot.s3.amazonaws.com/a1/559f30a80911e0a0d50050568d634f/file/goldendoodle-1-645mk070411.jpg','Barry', 'Golden', 'Golden Retriever','Male','Barry is a gentle and calm','2017-09-27',
        TRUE,5,24,50,48,18,22,TRUE,TRUE,TRUE,FALSE,FALSE,FALSE,TRUE,TRUE,FALSE,TRUE,TRUE,FALSE,TRUE,TRUE,TRUE,TRUE,FALSE,FALSE,FALSE,TRUE,TRUE),
    (2,1,'','https://images.squarespace-cdn.com/content/v1/56f5fdc7c2ea5119892e22c2/1577764075710-MWY6L2A59BJRG4FIP14M/image-asset.jpeg?format=2500w','Sully','Golden',
        'Golden Retriever','Male','','2018-11-10',
        TRUE,4,22,45,46,17,24,TRUE,TRUE,TRUE,TRUE,TRUE,TRUE,TRUE,TRUE,TRUE,FALSE,TRUE,FALSE,FALSE,FALSE,FALSE,TRUE,FALSE,TRUE,TRUE,FALSE,FALSE),
    (3,1,'','https://images.squarespace-cdn.com/content/v1/56f5fdc7c2ea5119892e22c2/1576966872583-RDTUYZD9Z5GLNKZ9HD4B/image-asset.jpeg?format=1000w','Buck', 'Black and white', 'Border Collie','Male','Buck is a high energy working dog','2019-02-07',
        TRUE,5,24,50,48,18,22,TRUE,TRUE,TRUE,FALSE,FALSE,FALSE,TRUE,TRUE,FALSE,TRUE,TRUE,FALSE,TRUE,TRUE,TRUE,TRUE,FALSE,FALSE,FALSE,TRUE,TRUE),
    (5,1,'','https://images.squarespace-cdn.com/content/v1/56f5fdc7c2ea5119892e22c2/1575153791893-B26JSEV51DEWPSQ8AI0A/Chocolate-Labrador-Kado-7052-sp.jpg?format=2500w','Ladybird','Chocolate',
        'Labrador Retriever','Female','','2020-04-19',
        TRUE,5,26,52,49,19,26,TRUE,TRUE,TRUE,TRUE,TRUE,TRUE,TRUE,FALSE,TRUE,TRUE,TRUE,TRUE,FALSE,FALSE,TRUE,TRUE,FALSE,TRUE,TRUE,FALSE,FALSE),
    (5,2,'','https://images.squarespace-cdn.com/content/v1/56f5fdc7c2ea5119892e22c2/1575774876145-X46WC58DXECXYLNPJIKB/orange-cat-patrick-3016-sp.jpg?format=2500w','Sasha', 'Orange', 'Tabby Cat','Female','','2017-09-27',
        TRUE,5,24,50,48,18,22,TRUE,TRUE,TRUE,FALSE,FALSE,FALSE,TRUE,TRUE,FALSE,TRUE,TRUE,FALSE,TRUE,TRUE,TRUE,TRUE,FALSE,FALSE,FALSE,TRUE,TRUE),
    (9,1,'','https://images.squarespace-cdn.com/content/v1/56f5fdc7c2ea5119892e22c2/1574350502424-3JHFXYZYQI0SQZMTX8O1/chihuahua+mix+teddy+7583-.jpg?format=2500w','Grenzo','Tan',
        'Chihuahua','Male','','2018-11-10',
        TRUE,4,22,45,46,17,24,TRUE,TRUE,TRUE,TRUE,TRUE,TRUE,TRUE,TRUE,TRUE,FALSE,TRUE,FALSE,FALSE,FALSE,FALSE,TRUE,FALSE,TRUE,TRUE,FALSE,FALSE),
    (10,3,'','https://images.squarespace-cdn.com/content/v1/56f5fdc7c2ea5119892e22c2/1575774656849-S9MC5QQBI98VNYN2XKPF/Quarter-Horse-mare-angel-0886-sp.jpg?format=1000w','Nugget', 'Golden', 'Quarter Horse','Male','Nugget is great with children','2016-02-07',
        TRUE,5,24,50,48,18,22,TRUE,TRUE,TRUE,FALSE,FALSE,FALSE,TRUE,TRUE,FALSE,TRUE,TRUE,FALSE,TRUE,TRUE,TRUE,TRUE,FALSE,FALSE,FALSE,TRUE,TRUE),
    (11,4,'','https://images.squarespace-cdn.com/content/v1/550dcadce4b051bbaff578dd/1432774717731-5T4821GCE990ZHPE4YLB/Rex-Rabbbit-Cricket-8756-Bunnyface-apf.jpg?format=2500w','Alfie','Otter',
        'Rex','Male','','2021-01-19',
        TRUE,5,26,52,49,19,26,TRUE,TRUE,TRUE,TRUE,TRUE,TRUE,TRUE,FALSE,TRUE,TRUE,TRUE,TRUE,FALSE,FALSE,TRUE,TRUE,FALSE,TRUE,TRUE,FALSE,FALSE),
    (12,1,'','https://images.squarespace-cdn.com/content/v1/56f5fdc7c2ea5119892e22c2/1576968134069-T1ROOMLEVVVP9MPOF0YC/image-asset.jpeg?format=2500w','Ruhi', 'Brown', 'Australian Shepherd','Male','','2022-01-27',
        TRUE,5,24,50,48,18,22,TRUE,TRUE,TRUE,FALSE,FALSE,FALSE,TRUE,TRUE,FALSE,TRUE,TRUE,FALSE,TRUE,TRUE,TRUE,TRUE,FALSE,FALSE,FALSE,TRUE,TRUE),
    (13,1,'','https://images.squarespace-cdn.com/content/v1/56f5fdc7c2ea5119892e22c2/1571948375464-TBMCQHX9O1VKTPI5S6FK/French-Bulldog-Lulu-7555sp-.jpg?format=1500w','Junebug','White',
        'French Bulldog','Female','','2018-11-10',
        TRUE,4,22,45,46,17,24,TRUE,TRUE,TRUE,TRUE,TRUE,TRUE,TRUE,TRUE,TRUE,FALSE,TRUE,FALSE,FALSE,FALSE,FALSE,TRUE,FALSE,TRUE,TRUE,FALSE,FALSE),
    (14,2,'','https://images.squarespace-cdn.com/content/v1/56f5fdc7c2ea5119892e22c2/1568256181469-58HCOWVYJBQ13LXHNW47/gray-cat-louisa-open-mouth-8167-sp.jpg?format=2500w','Louisa', 'Grey', 'British Shorthair','Female','','2012-02-07',
        TRUE,5,24,50,48,18,22,TRUE,TRUE,TRUE,FALSE,FALSE,FALSE,TRUE,TRUE,FALSE,TRUE,TRUE,FALSE,TRUE,TRUE,TRUE,TRUE,FALSE,FALSE,FALSE,TRUE,TRUE),
    (17,3,'','https://images.squarespace-cdn.com/content/v1/56f5fdc7c2ea5119892e22c2/1563724726575-UC6K56O8MD7XGLY1TCIJ/Arabian-Mare-Gydnia-4292-sp-.jpg?format=2500w','Gydnia','White',
        'Arabian','Female','','2017-01-19',
        TRUE,5,26,52,49,19,26,TRUE,TRUE,TRUE,TRUE,TRUE,TRUE,TRUE,FALSE,TRUE,TRUE,TRUE,TRUE,FALSE,FALSE,TRUE,TRUE,FALSE,TRUE,TRUE,FALSE,FALSE),
    (18,10,'','https://images.squarespace-cdn.com/content/v1/56f5fdc7c2ea5119892e22c2/1569430995474-39COUVHROGOK2GO3O95N/white-chicken-wearing-tutu-6477-rv-sp.jpg?format=2500w','Tulip', 'White', 'Leghorn','Female','','2020-01-27',
        TRUE,5,24,50,48,18,22,TRUE,TRUE,TRUE,FALSE,FALSE,FALSE,TRUE,TRUE,FALSE,TRUE,TRUE,FALSE,TRUE,TRUE,TRUE,TRUE,FALSE,FALSE,FALSE,TRUE,TRUE),
    (19,1,'','https://images.squarespace-cdn.com/content/v1/56f5fdc7c2ea5119892e22c2/1575772515793-KF56888PMUKMCZ0POHZO/saint-bernard-hamilton-2114-sp.jpg?format=2500w','Ensha','Brown',
        'Saint Bernard','Male','','2018-11-10',
        TRUE,4,22,45,46,17,24,TRUE,TRUE,TRUE,TRUE,TRUE,TRUE,TRUE,TRUE,TRUE,FALSE,TRUE,FALSE,FALSE,FALSE,FALSE,TRUE,FALSE,TRUE,TRUE,FALSE,FALSE),
    (22,7,'','https://images.squarespace-cdn.com/content/v1/56f5fdc7c2ea5119892e22c2/1572026457474-6VXLY5XVAEY8WT423ASG/goat-kid--0771-sp.jpg?format=2500w','Brunhilda', 'Grey', 'LaMancha','Female','','2021-06-07',
        TRUE,5,24,50,48,18,22,TRUE,TRUE,TRUE,FALSE,FALSE,FALSE,TRUE,TRUE,FALSE,TRUE,TRUE,FALSE,TRUE,TRUE,TRUE,TRUE,FALSE,FALSE,FALSE,TRUE,TRUE),
    (23,1,'','https://images.squarespace-cdn.com/content/v1/56f5fdc7c2ea5119892e22c2/1573532999639-JCFTLX1O0P2F8F680CTL/doberman-Victor-5650-sp.jpg?format=1500w','Victor','Brown',
        'Doberman Pinscher','Male','','2017-01-19',
        TRUE,5,26,52,49,19,26,TRUE,TRUE,TRUE,TRUE,TRUE,TRUE,TRUE,FALSE,TRUE,TRUE,TRUE,TRUE,FALSE,FALSE,TRUE,TRUE,FALSE,TRUE,TRUE,FALSE,FALSE),
    (25,14,'Hamster','https://images.squarespace-cdn.com/content/v1/56f5fdc7c2ea5119892e22c2/1558729641246-YFHMTVEG9PVO8POD4DDG/PC-0021-Hamster-Wyatt-3580-sp-.jpg?format=1000w','Wyatt', 'Orange', 'Syrian','Male','','2022-01-27',
        TRUE,5,24,50,48,18,22,TRUE,TRUE,TRUE,FALSE,FALSE,FALSE,TRUE,TRUE,FALSE,TRUE,TRUE,FALSE,TRUE,TRUE,TRUE,TRUE,FALSE,FALSE,FALSE,TRUE,TRUE),
    (26,1,'','https://images.squarespace-cdn.com/content/v1/56f5fdc7c2ea5119892e22c2/1561394328208-16Q68C9CAAH8Q7FCUEY4/Siberian-Husky-Puppy-Payback-9304-sp.jpg?format=2500w','Payback','White',
        'Siberian Husky','Male','','2021-12-10',
        TRUE,4,22,45,46,17,24,TRUE,TRUE,TRUE,TRUE,TRUE,TRUE,TRUE,TRUE,TRUE,FALSE,TRUE,FALSE,FALSE,FALSE,FALSE,TRUE,FALSE,TRUE,TRUE,FALSE,FALSE),
    (27,3,'','https://images.squarespace-cdn.com/content/v1/56f5fdc7c2ea5119892e22c2/1557780341744-QQ8RJJX5R8EMJ9M8NKZQ/Norwegian-Fjord-Horse-in-Harness-2064-sp.jpg?format=2500w','Artemis', 'Tan', 'Norwegian Fjord','Female','','2015-06-07',
        TRUE,5,24,50,48,18,22,TRUE,TRUE,TRUE,FALSE,FALSE,FALSE,TRUE,TRUE,FALSE,TRUE,TRUE,FALSE,TRUE,TRUE,TRUE,TRUE,FALSE,FALSE,FALSE,TRUE,TRUE),
    (28,14,'Bird','https://images.squarespace-cdn.com/content/v1/56f5fdc7c2ea5119892e22c2/1547673159307-CBPGMHSR0B1954FPJ2FN/weaver-finch-in-flight-bird-2164-art-2-sp.jpg?format=2500w','Sweeting','Yellow and green',
        'Weaver Finch','Female','','2019-01-19',
        TRUE,5,26,52,49,19,26,TRUE,TRUE,TRUE,TRUE,TRUE,TRUE,TRUE,FALSE,TRUE,TRUE,TRUE,TRUE,FALSE,FALSE,TRUE,TRUE,FALSE,TRUE,TRUE,FALSE,FALSE),
    (29,2,'','https://images.squarespace-cdn.com/content/v1/56f5fdc7c2ea5119892e22c2/1553023080543-FKOTRDM1GTQ9TETW0PH5/American-shorthair-cat-7850-sp.jpg?format=2500w','Ryu', 'Grey', 'Tabby','Male','','2013-01-27',
        TRUE,5,24,50,48,18,22,TRUE,TRUE,TRUE,FALSE,FALSE,FALSE,TRUE,TRUE,FALSE,TRUE,TRUE,FALSE,TRUE,TRUE,TRUE,TRUE,FALSE,FALSE,FALSE,TRUE,TRUE),
    (30,1,'','https://images.squarespace-cdn.com/content/v1/56f5fdc7c2ea5119892e22c2/1571969109028-XISGKFLLOL75XRLJX5EC/Belgian-Tervuren-Tori--2031-sp.jpg?format=2500w','Tori','Brown',
        'Belgian Tervuren','Female','','2019-12-10',
        TRUE,4,22,45,46,17,24,TRUE,TRUE,TRUE,TRUE,TRUE,TRUE,TRUE,TRUE,TRUE,FALSE,TRUE,FALSE,FALSE,FALSE,FALSE,TRUE,FALSE,TRUE,TRUE,FALSE,FALSE),
    (1,14,'Hawk','https://images.squarespace-cdn.com/content/v1/56f5fdc7c2ea5119892e22c2/1577933993259-LLE7MFM7FTL2QNJGK222/image-asset.jpeg?format=2500w','Orion', 'Tan', 'Harris Hawk','Male','','2015-06-07',
        TRUE,5,24,50,48,18,22,TRUE,TRUE,TRUE,FALSE,FALSE,FALSE,TRUE,TRUE,FALSE,TRUE,TRUE,FALSE,TRUE,TRUE,TRUE,TRUE,FALSE,FALSE,FALSE,TRUE,TRUE),
    (2,1,'','https://images.squarespace-cdn.com/content/v1/56f5fdc7c2ea5119892e22c2/1563127111801-SL2GD3YB1VG8A2BJV097/West-Highland-White-Terrier-Lily-3940-sp.jpg?format=1500w','Lily','White',
        'West Highland White Terrier','Female','','2018-01-19',
        TRUE,5,26,52,49,19,26,TRUE,TRUE,TRUE,TRUE,TRUE,TRUE,TRUE,FALSE,TRUE,TRUE,TRUE,TRUE,FALSE,FALSE,TRUE,TRUE,FALSE,TRUE,TRUE,FALSE,FALSE),
    (33,1,'','https://images.squarespace-cdn.com/content/v1/56f5fdc7c2ea5119892e22c2/1577558273255-H2F6FQQ9A1LCU1PFLMWA/image-asset.jpeg?format=2500w','Ronan', 'Ginger', 'Irish Setter','Male','','2013-01-27',
        TRUE,5,24,50,48,18,22,TRUE,TRUE,TRUE,FALSE,FALSE,FALSE,TRUE,TRUE,FALSE,TRUE,TRUE,FALSE,TRUE,TRUE,TRUE,TRUE,FALSE,FALSE,FALSE,TRUE,TRUE),
    (34,1,'','https://images.squarespace-cdn.com/content/v1/56f5fdc7c2ea5119892e22c2/1572809121193-5W38WXMKLKSL7PQA25N4/Pembroke-Welsh-Corgi-Archer-1207-sp-.jpg?format=2500w','Archer','Tan',
        'Pembroke Welsh Corgi','Male','','2019-12-10',
        TRUE,4,22,45,46,17,24,TRUE,TRUE,TRUE,TRUE,TRUE,TRUE,TRUE,TRUE,TRUE,FALSE,TRUE,FALSE,FALSE,FALSE,FALSE,TRUE,FALSE,TRUE,TRUE,FALSE,FALSE),
    (5,4,'','https://images.squarespace-cdn.com/content/v1/56f5fdc7c2ea5119892e22c2/1560879464239-BE1WT8HDR77A72N072E1/PC-087-Mini-Rex-Rabbit-Aine-8824-sp.jpg?format=1500w','Aine', 'Seal', 'Mini Rex','Female','','2015-06-07',
        TRUE,5,24,50,48,18,22,TRUE,TRUE,TRUE,FALSE,FALSE,FALSE,TRUE,TRUE,FALSE,TRUE,TRUE,FALSE,TRUE,TRUE,TRUE,TRUE,FALSE,FALSE,FALSE,TRUE,TRUE),
    (9,2,'','https://images.squarespace-cdn.com/content/v1/56f5fdc7c2ea5119892e22c2/1556420788064-I9QBRXH4MYSBBC3LG3IT/silver-tabby-british-longhair-kitten-7241-sp.jpg?format=2500w','Cookie','Black and white',
        'British Shorthair','Female','','2022-01-19',
        TRUE,5,26,52,49,19,26,TRUE,TRUE,TRUE,TRUE,TRUE,TRUE,TRUE,FALSE,TRUE,TRUE,TRUE,TRUE,FALSE,FALSE,TRUE,TRUE,FALSE,TRUE,TRUE,FALSE,FALSE),
    (10,1,'','https://images.squarespace-cdn.com/content/v1/56f5fdc7c2ea5119892e22c2/1560136049316-PEW3WZG4H2P9O4HXQEF4/Bull-Terrier-Sarah-0495-sp.jpg?format=2500w','Sarah', 'White', 'Bull Terrier','Female','','2014-01-27',
        TRUE,5,24,50,48,18,22,TRUE,TRUE,TRUE,FALSE,FALSE,FALSE,TRUE,TRUE,FALSE,TRUE,TRUE,FALSE,TRUE,TRUE,TRUE,TRUE,FALSE,FALSE,FALSE,TRUE,TRUE),
    (11,2,'','https://images.squarespace-cdn.com/content/v1/56f5fdc7c2ea5119892e22c2/1551742827682-4O4RKQLYBBLLM18T3VEU/tabby-cat-ruby-1486-sp.jpg?format=2500w','Ruby','Orange',
        'Tabby','Female','','2012-12-10',
        TRUE,4,22,45,46,17,24,TRUE,TRUE,TRUE,TRUE,TRUE,TRUE,TRUE,TRUE,TRUE,FALSE,TRUE,FALSE,FALSE,FALSE,FALSE,TRUE,FALSE,TRUE,TRUE,FALSE,FALSE),
    (15,3,'','https://images.squarespace-cdn.com/content/v1/56f5fdc7c2ea5119892e22c2/1549082443379-8U26UBFSRGZD4O0WQB49/Arabian-Horse-Finnagan-6026-sp.jpg?format=1500w','Finnegan', 'Brown', 'Arabian','Male','','2018-06-07',
        TRUE,5,24,50,48,18,22,TRUE,TRUE,TRUE,FALSE,FALSE,FALSE,TRUE,TRUE,FALSE,TRUE,TRUE,FALSE,TRUE,TRUE,TRUE,TRUE,FALSE,FALSE,FALSE,TRUE,TRUE),
    (27,1,'','https://images.squarespace-cdn.com/content/v1/56f5fdc7c2ea5119892e22c2/1552446293277-X3SANKD5RAR0UE6U1CX1/english-bulldog-gertrude-7431-sp.jpg?format=2500w','Gertrude','White',
        'Bulldog','Female','','2016-01-19',
        TRUE,5,26,52,49,19,26,TRUE,TRUE,TRUE,TRUE,TRUE,TRUE,TRUE,FALSE,TRUE,TRUE,TRUE,TRUE,FALSE,FALSE,TRUE,TRUE,FALSE,TRUE,TRUE,FALSE,FALSE);

-- JOBS
INSERT INTO "jobs" 
    ("description", "date", "client", "active", "notes", "jobNumber")
VALUES
    ('2023 Ad Campaign', '2022-06-10', 'Harley Davidson', TRUE, 'Animals need to be good with loud noises', 'AC-032022'),
    ('Cat food commercial', '2022-04-09', 'Purina', TRUE, 'Need wide variety of ages', 'AC-052022'),
    ('Halloween 2022 Pet Costume Shoot', '2022-03-30', 'Walmart', TRUE, 'Need exact matches for provided measurements', 'AC-022022'),
    ('Photo shoot for print ads', '2022-06-20', 'Blue Cross', TRUE, 'Flexible with what animals we use', 'AC-042022'),
    ('TV Shoot for 2023 ad campaign', '2022-08-25', 'Pizza Hut', TRUE, 'Experienced dogs only', 'AC-062022'),
    ('Ad for new dog food product line', '2022-03-29', 'IAMS', TRUE, 'Puppies only', 'AC-072022'),
    ('Casting shoot for upcoming film', '2022-04-05', 'Metro-Goldwyn-Mayer', TRUE, 'Experienced animals only', 'AC-082022'),
    ('Print ad campaign 2024', '2022-05-07', 'General Mills', TRUE, 'Strict size requirements for dogs', 'AC-092022'),
    ('Magazine ad campaign 2023', '2022-03-28', 'Caribou Coffee', TRUE, 'All animals need to be good with children', 'AC-102022'),
    ('New treat product line ads', '2022-07-01', 'Milkbone', TRUE, 'Puppies and adults', 'AC-112022'),
    ('2024 print ad campaign', '2022-09-05', 'Best Buy', TRUE, 'Dogs and cats that work well together','AC-122022'),
    ('Upcoming movie photo shoot for casting', '2022-09-30', 'Sony', TRUE, 'Open to various dog breeds', 'AC-132022'),
    ('Demo for 2023 sales conference', '2022-11-06', 'Petco', TRUE, 'Animals need to stay overnight', 'AC-142022'),
    ('Print ad campaign 2023', '2022-04-19', 'Pillsbury', TRUE, 'Animals need to be good with strobes', 'AC-152022'),
    ('Halloween print ads 2022', '2022-03-25', 'K-Mart', TRUE, 'Must match measurements exactly', 'AC-162022'),
    ('New product commercial', '2022-08-10', '3M', TRUE, 'Need younger animals', 'AC-172022'),
    ('TV ad to promote state tourism', '2022-06-04', 'State of Minnesota', TRUE, 'All animals need to be good off leash', 'AC-182022'),
    ('2023 ad campaign', '2022-12-02', 'Converse', TRUE, 'Animals need to k2021-07-10 silent commands', 'AC-192022');

-- JOBS JUNCTION
INSERT INTO "jobsJunction" 
    ("animalsId", "jobId")
VALUES
    (1, 1),
    (1, 2),
    (2, 1),
    (2, 2),
    (3, 3),
    (3, 4),
    (4, 3),
    (4, 4),
    (5, 5),
    (5, 6),
    (6, 6),
    (6, 5),
    (7, 7),
    (7, 8),
    (8, 7),
    (8, 8),
    (9, 9),
    (9, 10),
    (10, 10),
    (10, 9),
    (11, 11),
    (11, 12),
    (12, 11),
    (12, 12),
    (13, 13),
    (13, 14),
    (14, 14),
    (14, 15),
    (16, 16),
    (16, 17),
    (17, 18),
    (18, 17),
    (19, 16),
    (19, 15),
    (20, 14),
    (20, 13),
    (23, 12),
    (23, 11),
    (24, 10),
    (24, 9),
    (25, 8),
    (26, 7),
    (20, 6),
    (23, 7),
    (23, 12),
    (24, 13),
    (24, 14),
    (25, 15),
    (26, 5),
    (26, 14),
    (27, 8),
    (27, 15),
    (28, 17),
    (28, 9),
    (29, 10),
    (30, 11),
    (30, 12);

-- AUDITIONS
INSERT INTO "auditions" 
    ("animalsId", "date")
VALUES
    (1, '2021-07-10'),
    (2, '2021-07-10'),
    (3, '2021-07-10'),
    (4, '2021-07-10'),
    (5, '2021-07-10'),
    (6, '2021-07-10'),
    (7, '2021-07-10'),
    (8, '2021-07-10'),
    (9, '2021-07-10'),
    (10, '2021-07-10'),
    (11. '2021-07-10'),
    (12, '2021-07-10'),
    (13, '2021-07-10'),
    (14, '2021-07-10'),
    (15, '2021-07-10'),
    (16, '2021-07-10'),
    (17, '2021-07-10'),
    (18, '2021-07-10'),
    (19, '2021-07-10'),
    (20, '2021-07-10'),
    (21, '2021-07-10'),
    (22, '2021-07-10'),
    (23. '2021-07-10'),
    (24, '2021-07-10'),
    (25, '2021-07-10'),
    (26, '2021-07-10'),
    (27, '2021-07-10'),
    (28, '2021-07-10'),
    (29, '2021-07-10'),
    (30, '2021-07-10'),
    (31, '2021-07-10');

